size	max_diss	av_diss	diameter	separation	medoid	avg_width
25	0.30533845151587524	0.19448436978453107	0.4764746876447865	0.024124901541403565	huldigen.BOWbound5lex.PPMIweight.LENGTH5000.SOCPOSnav	0.2406526099971635
23	0.5203982322596399	0.30070711101784225	0.6709312524606904	0.16097011190539678	huldigen.BOWbound5lex.PPMIweight.LENGTH5000.SOCPOSall	0.20441042741511642
32	0.6021720885756933	0.24733187299689063	0.6944333090234062	0.06650211334515244	huldigen.BOWbound10lex.PPMIselection.LENGTHFOC.SOCPOSall	0.14081689979456158
42	0.5307187156167282	0.3064936234986129	0.718507536194569	0.08984102948277495	huldigen.LEMMAPATHweight.PPMIselection.LENGTHFOC.SOCPOSall	0.10810730863405467
15	0.51677018959403	0.3144752608228842	0.7503792585017868	0.16097011190539678	huldigen.LEMMAPATHweight.PPMIselection.LENGTH5000.SOCPOSall	0.21034340913626065
22	0.5387131427356244	0.32465870943210534	0.7525759819341931	0.12000151571438855	huldigen.BOWnobound5all.PPMIno.LENGTHFOC.SOCPOSall	0.08977219142300025
21	0.5319114882854331	0.320362992812891	0.6996227283549691	0.14718969859183972	huldigen.BOWbound3all.PPMIselection.LENGTHFOC.SOCPOSall	0.16481985433596624
24	0.3526856149778068	0.17154909658354953	0.5444834839714819	0.024124901541403565	huldigen.BOWnobound3lex.PPMIselection.LENGTHFOC.SOCPOSall	0.2621745418526353
