size	max_diss	av_diss	diameter	separation	medoid	avg_width
19	0.40188100946241256	0.20901071114348416	0.5567750626618886	0.11977633122387155	herroepen.LEMMAPATHweight.PPMIweight.LENGTH5000.SOCPOSnav	0.2309292497407774
38	0.7510776600402382	0.3713935599524143	0.8349394344991865	0.15150505909070655	herroepen.BOWbound5lex.PPMIselection.LENGTH5000.SOCPOSall	0.03854335836689514
38	0.4521901854884054	0.23569101615448973	0.6299226646634096	0.1072592916591768	herroepen.BOWbound5lex.PPMIselection.LENGTHFOC.SOCPOSall	0.19948455496789
28	0.597464114330489	0.2850687117061376	0.7335942437785008	0.06147851349202904	herroepen.LEMMAPATHweight.PPMIno.LENGTHFOC.SOCPOSnav	0.17307586449913118
21	0.7854069384340444	0.3475640089816496	0.8574770967541316	0.06147851349202904	herroepen.BOWnobound10all.PPMIselection.LENGTHFOC.SOCPOSall	0.029012906679904166
25	0.3603487791868123	0.19116006913696615	0.4863360711127642	0.06952361418212782	herroepen.BOWbound3lex.PPMIselection.LENGTHFOC.SOCPOSall	0.4494673236064423
17	0.5237876611629165	0.2981418030402292	0.6696369785018113	0.06952361418212782	herroepen.BOWnobound3all.PPMIno.LENGTHFOC.SOCPOSnav	0.11524810407974098
18	0.4745214874642827	0.21894598093457876	0.6308853973850231	0.22126743430773876	herroepen.LEMMAREL1.PPMIselection.LENGTHFOC.SOCPOSall	0.30960605504606414
