size	max_diss	av_diss	diameter	separation	medoid	avg_width
26	0.3755139792499371	0.16797438263320885	0.43056371484266864	0.0852902557820947	schaal.BOWbound3lex.PPMIweight.LENGTH5000.SOCPOSnav	0.18086769440953582
26	0.16644111611180668	0.11332363195439614	0.31562208932959224	0.06773743959676493	schaal.BOWnobound5all.PPMIweight.LENGTHFOC.SOCPOSall	0.42913590454436823
28	0.5815318344106751	0.20603856109740315	0.6374700437102256	0.13658798986918863	schaal.BOWbound5lex.PPMIselection.LENGTHFOC.SOCPOSall	0.17639088553446877
15	0.30501952114421793	0.2004073439605351	0.39240794698419323	0.04071237889257895	schaal.BOWbound10all.PPMIno.LENGTHFOC.SOCPOSnav	0.36220943869545164
14	0.692547830879922	0.3895321509070892	0.8156582932452932	0.029016381895731413	schaal.BOWbound5all.PPMIno.LENGTH5000.SOCPOSall	0.13080880023276584
26	0.3278415970608417	0.17819946681321872	0.4563822059594853	0.06773743959676493	schaal.LEMMAPATHselection2.PPMIweight.LENGTH5000.SOCPOSnav	0.23213408650473089
27	0.3605085264286676	0.2192065871996958	0.49969122256836784	0.04071237889257895	schaal.BOWbound5all.PPMIselection.LENGTHFOC.SOCPOSall	0.22273038999387024
50	0.4064202586702621	0.16221699014087126	0.610148532439466	0.029016381895731413	schaal.LEMMAPATHweight.PPMIno.LENGTH5000.SOCPOSnav	0.35879622914895487
