size	max_diss	av_diss	diameter	separation	medoid	avg_width
53	0.3443480048778549	0.1907715941464295	0.5305641073266043	0.025062021621995667	stof.BOWbound5all.PPMIweight.LENGTHFOC.SOCPOSall	0.16639251176840672
18	0.7981687772493339	0.36964140894750086	0.8757793213543986	0.3104310106536743	stof.BOWbound5lex.PPMIselection.LENGTH5000.SOCPOSall	0.23369009713341068
28	0.4098723208173325	0.21898790923047745	0.5946339470683235	0.09760145185202318	stof.BOWbound10all.PPMIno.LENGTHFOC.SOCPOSnav	0.16692669092596948
11	0.5392778274513048	0.2507708507642978	0.6124636302648312	0.29410631315169633	stof.BOWbound5all.PPMIweight.LENGTH5000.SOCPOSall	0.45400544422297867
24	0.743805573600364	0.38057855295865034	0.8941425682309637	0.29410631315169633	stof.LEMMAPATHweight.PPMIno.LENGTH5000.SOCPOSall	0.25446456013351626
30	0.2882920550745234	0.16480208668000926	0.43548411660305963	0.025062021621995667	stof.BOWbound3lex.PPMIno.LENGTHFOC.SOCPOSnav	0.2792538965209498
18	0.4144472416001981	0.2369488638556635	0.6132704245263206	0.11079760318784104	stof.LEMMAPATHweight.PPMIselection.LENGTH5000.SOCPOSnav	0.3402512157076764
30	0.38806339430943737	0.21007804833249674	0.5483073307564669	0.0836170624369652	stof.LEMMAREL2.PPMIno.LENGTHFOC.SOCPOSall	0.3450560008354337
