size	max_diss	av_diss	diameter	separation	medoid	avg_width
36	0.6686386938646137	0.38792809941454276	0.7190536837112378	0.2224732329023955	haten.BOWbound5lex.PPMIselection.LENGTHFOC.SOCPOSnav	0.12905257758720265
19	0.7972941696807139	0.36670321193541583	0.8238038513615735	0.47345335281461365	haten.BOWbound5lex.PPMIselection.LENGTH5000.SOCPOSall	0.30205914010072715
41	0.6934296230926194	0.28456744300919223	0.7603275904584158	0.07715426018071558	haten.BOWbound5all.PPMIweight.LENGTHFOC.SOCPOSall	0.16550462810557742
29	0.5781856900106067	0.3249982772025253	0.6863034658564625	0.07715426018071558	haten.BOWbound5all.PPMIno.LENGTHFOC.SOCPOSnav	0.12064610502812868
19	0.6565197681463063	0.41495719375804474	0.8324131964117627	0.20339864704200017	haten.LEMMAPATHweight.PPMIselection.LENGTH5000.SOCPOSall	0.19763204595691847
18	0.4383554356978452	0.22243450206819945	0.5242297859853197	0.2224732329023955	haten.BOWbound3lex.PPMIselection.LENGTHFOC.SOCPOSall	0.47573729747352306
20	0.4421127938262577	0.22336189883978705	0.5926303386266766	0.19601957939707226	haten.LEMMAPATHweight.PPMIno.LENGTHFOC.SOCPOSnav	0.3455111837914584
22	0.4822031832559086	0.23484738689537196	0.6083394870124851	0.17473597898638316	haten.LEMMAREL1.PPMIselection.LENGTHFOC.SOCPOSall	0.2949269881408841
