size	max_diss	av_diss	diameter	separation	medoid	avg_width
21	0.4994655026379198	0.30212034004499994	0.7087059903155563	0.17874228511556844	diskwalificeren.BOWbound10lex.PPMIselection.LENGTHFOC.SOCPOSall	0.18988638123483406
38	0.45469709026447425	0.26476117028336826	0.6885781310655869	0.23156174035362365	diskwalificeren.LEMMAPATHweight.PPMIselection.LENGTHFOC.SOCPOSall	0.2844627736110086
34	0.6792067450814018	0.34584445343488424	0.7456151976936762	0.07760912708812717	diskwalificeren.BOWbound10all.PPMIselection.LENGTHFOC.SOCPOSall	0.13942650212482474
24	0.5441446771457795	0.2839140246398322	0.6530097521620905	0.20048125420606078	diskwalificeren.BOWbound5lex.PPMIselection.LENGTHFOC.SOCPOSall	0.12622609996401563
32	0.63906535573298	0.32543185899779603	0.7268782390163953	0.07760912708812717	diskwalificeren.BOWbound3all.PPMIselection.LENGTHFOC.SOCPOSnav	0.15015994910130015
19	0.6228939304281808	0.3314210512811832	0.7219728299484348	0.1504276415136736	diskwalificeren.LEMMAPATHweight.PPMIselection.LENGTH5000.SOCPOSall	0.13528916659696977
24	0.40051943449585137	0.19655588113977354	0.49031305361901345	0.20048125420606078	diskwalificeren.BOWbound3lex.PPMIselection.LENGTHFOC.SOCPOSall	0.4200505840895388
12	0.6301290629167674	0.35091020641111065	0.6972618516099812	0.42468149932048327	diskwalificeren.LEMMAREL1.PPMIselection.LENGTHFOC.SOCPOSall	0.31827644407576
