size	max_diss	av_diss	diameter	separation	medoid	avg_width
22	0.38018427292486345	0.21021855057298489	0.5812482090620652	0.15194663407255304	herstructureren.BOWbound5lex.PPMIselection.LENGTHFOC.SOCPOSall	0.381962529283602
21	0.7531447044026933	0.38415349613827326	0.8288009736142805	0.0976125122705811	herstructureren.BOWbound5lex.PPMIselection.LENGTH5000.SOCPOSall	0.09633613354988903
26	0.8203800091414907	0.40075875819769374	0.8921367168193826	0.15194663407255304	herstructureren.BOWnobound10lex.PPMIselection.LENGTHFOC.SOCPOSall	0.01042439700795886
47	0.5307532210085301	0.2784265793539953	0.7717300586329731	0.10086549516270149	herstructureren.LEMMAPATHweight.PPMIselection.LENGTHFOC.SOCPOSnav	0.28052965698539617
37	0.6730756134154561	0.35296672170359883	0.8159314502878685	0.14363541461567664	herstructureren.BOWbound5all.PPMIselection.LENGTHFOC.SOCPOSall	0.12054417461526046
16	0.6095803230739171	0.3696240401361135	0.7825213869250739	0.10086549516270149	herstructureren.LEMMAPATHweight.PPMIselection.LENGTH5000.SOCPOSall	0.19882855574473832
23	0.5290631211698683	0.21763094519817852	0.62988438995870355	0.0976125122705811	herstructureren.BOWnobound3lex.PPMIselection.LENGTHFOC.SOCPOSall	0.3023791439864193
12	0.5099905783566977	0.24620629057930996	0.5659408052206804	0.42792252198684877	herstructureren.LEMMAREL1.PPMIselection.LENGTHFOC.SOCPOSall	0.49923457649332
